{"0.7440704568161491":{"user_id":2},"0.22175968827747394":{"user_id":2},"0.32605803176874804":{"user_id":2},"0.07513535293878881":{"user_id":2}}